,,Notes,Archive Inc CEO,Rust CEO,Snow CEO,Detritus CEO
,Script ID,,CEO_Grass,CEO_Sand,CEO_Snow,CEO_Acid
,Region_Names,,"""Archival Flats"", ""Historic County"", ""Safeguard Valley"", ""Forgotten Hills"", ""Central Museums"", ""Martial District"", ""Old Town"", ""Storage Vaults"", ""Secondary Archives"", ""Remembrance Point"", ""Colonial Park"", ""OhmTown"", ""Old Earth Park"", ""The Library"", ""Exhibits Archive"", ""Accord Repository"", ""Chronology Hall"", ""Retrospect Park"", ""Relic Preserves"", ""The Pasture"", ""Preserved Farms"", ""Restoration Center"", ""Research Center"", ""Artifact Vaults"", ""Renovation Complex"", ""Archivist Hall"", ""Antiquity Row"", ""Excavation Site""","""Black Rock"", ""Phoenix Park"", ""Lone Mesa"", ""Rust District"", ""Hardened Shale"", ""Sheer County"", ""Fox Plateau "",""Mercury Ridge"", ""Red Sands"", ""Countdown Ridge"", ""Doomsday Point"", ""Thunderbolt Grid"", ""Detonation Park"", ""Proving Grounds"",""Erosion Flats"", ""Tectonic Site 3.1"", ""Sierra Quadrant"", ""Test Site Delta"",""Test Site Echo"", ""QA Division"", ""Suncatcher Array"", ""Scorched Earth"", ""Razor Shore"", ""Razor Bay"", ""Crater Bay"", ""Blast Bunker"", ""Strafe Zone Beta"",""Detonation Bay"",""New Terra"",""Dust Bowl"",""Rust Dunes"", ""D-CM Test Site"",""Hardin Point"",""Kern's Folly"",""The Scar"", ""Gamma Trench"",""Geothermal Station"",""Restricted Area"",""Turbine Cluster"",""Maglev Bunkers"",""Lightning Point"",""Tesla Fields"",""Disintegration Flats"",""Beautiful Corner"",""The Blast Garden"",""R.S.T. Training"", ""R.S.T. Perimeter"", ""R.S.T. Quake Fence"", ""Turbine Sinks"", ""Storm Mill"",""The Haze"",""Rust Beach"",""Weather Watch"",""Storm Summit"", ""Cleft"", ""The Rift"", ""Dead Bird Field"", Scrapyard"",","""Frozen Plains"", ""Ice Forest"", ""Central Processor"", ""Cold Storage"", ""Robotics Repair"", ""Secondary Cooling"", ""Lifeless Basin"", ""A.I. Training"", ""Cryogenic Labs"", ""Silicate Plains"", ""The Tundra"", ""Sub-Zero Range"", ""Central Cryonics"", ""Shielded Vaults"", ""District Z-1001"", ""District Z-1101"", ""Pinnacle Garden"", ""Glacier Cliff"", ""Venting Field"", ""Thermal Dampeners"",","""The Wasteland"", ""Downtown"", ""Reclamation Zone"", ""Reprocessing"", ""Scrapheap"", ""Venting Center"", ""Teleport Facility"", ""Venting Fields"", ""Waste Chambers"", ""Disposal Vault"", ""Chemical Field A"", ""Disposal Site C"", ""The Landfill"", ""The Heap"", ""Nano Silos"", ""Nanite Farms"", ""Containment Zone D"", ""Containment Zone J"", ""Pumping Station"","
,Island_Perfect,"Used when the player does not fail a single objective on the island. They get a free reward
","""null"",","""You completed every mission on R.S.T. despite the odds. You've earned my respect, #squad - and everything we can offer."",","""null"",","""#squad, it my pleasure to inform you your success rate is 100%. Detritus corporate bylaws dictate you've earned a bonus."", 

""null"", 

""null"","
,Welcome_Message,"Used upon arrival to the island.
","""null"",
 
""null"",
 
""null"",

""null"",

""null"",
","""null"",

""null"",

""null"",

""null"",

""null"",
","""null"",

""null"",

""null"",","""I have heard of your triumphs against the Vek, commander. We hope you and the #squad can aid us in our fight as well."", 

""null"",

""null"",

""null"","
,,,,,,
,Mission_ExtremeDamage,"null","""Rising seas destroyed most of our world, but it seems it's the Vek that will end us. So many lives were lost during this mission - we can't let it happen again!"", 

""null"", 

""null"",","""I've seen the casualty reports from your mission. The losses... were considerable. But not unendurable."",

""null"",

""null"", 

""null"",

""null"",

""null"",","""Hundreds perished in that attack. Each a unique being the world will never see again."",

""null"",

""null""","""We cannot lose so many lives in a single battle, commander. Detritus is not the island, it is not the company - it is our people."",

""null"",

""null"",

""null"",

""null"",

""null"",

""null"","
,,,,,,
Generic Missions,Mission_Generic_Briefing,Missions without anything unique happening could pull from the generic pools,"""null"", 

""null"", 

""null"", 

""null"", 

""null"",
","""null"",

""null"",

""null"",","""I'm simultaneously monitoring 84 subterranean micro-incursions by the Vek. You will have to manage this one on your own."",

""null"",

""null"", 

""null"",","""You must press on, commander. Detritus will do all we can to assist you here."",

""null"",

""null"",

""null"","
,Mission_Generic_Success,Missions that pull from the generic objectives have a small chance of using this set,"""null"", 

""null"", 

""null"", 

""null"",
","""null"",

""null"",

""null"",

""null"",

""null"",
","""null"",

""null"",

""null"",","""Well done, #squad! Good news is rare these days, but your efforts here have changed that."",

""null"",

""null"",

""null"",

""null"","
,Mission_Generic_Failure,Are we going to use these? They aren't currently used,"""null"",

""null"",","
""null"",

""null"",

""null"",

""null"",
","""null"",

""null"",","""I am grateful for your efforts, commander... even if the results were not what we hoped."",

""null"","
,Mission_Mechs_Dead,"null","""My condolences for the loss of your pilots... they fought bravely and well. They will be remembered."",

""null"",","""The war won't be determined by this battle - but a few more like this, and it might be. We can't afford any more losses."",

""null"",
","""null""","""I have asked that the names of your fallen pilots be added to our Memorial Wall. Their sacrifice will not be forgotten."",

""null"","
,,,,,,
Generic Objectives,,"null ",,,,
,Mission_MechHealth_Briefing,This bonus objective is for limiting damage to the Mechs themselves.,"""null"",
","""null"",

""null"",","""There will be little time between skirmishes and we need you fully operational. Exercise caution."",

""null"",","""Unfortunately, most of our engineering division is occupied. If the Mechs of the #squad take too much damage, we may not be able to repair them."",

""null"","
,Mission_MechHealth_Success,< 4 damage to mechs,"""null"",

""null"",","""I see you and the #squad weathered the worst of it and survived. Excellent."",

""null"",

""null"",
","""null"",","""Success - and only minor damage to your Mechs, commander, well within the projections of what Detritus can repair."",

""null"","
,Mission_MechHealth_Failure,>= 4 damage to mechs,"""null"",","""Your Mechs are heavily damaged; several teams of engineers have been reassigned to repairing them as we speak, even the teams devoted to civilian defense."",

""null"",

""null"",

""null"",

","""null"",

""null"",","""I've had no choice but to assign all emergency engineering divisions to repair your Mechs. This will compromise Detritus' defense efforts severely."",

""null"",

""null"","
,,,,,,
,Mission_GridHealth_Briefing,Bonus objective for keeping power grid damage to a minimum,"""null"",","""The Grid here can barely power your Mechs. Fight efficiently, or you'll be in the red faster than you think."",","""null"",


""null"",","""The Grid here can only provide limited power. If it suffers any damage, you and the #squad may not have enough power to fight."",

""null"","
,Mission_GridHealth_Success,< 3 grid damage,,"""null"",","""Everything is operating at peak efficiency. I thank you."",","""The Grid held, commander. The sector still has power. Detritus thanks you and the #squad."",

""null"","
,Mission_GridHealth_Failure,>= 3 grid damage,"""null"", 

""null"",","""Many lives were lost today... if this continues, there'll be no more of my people to protect."", 

""null"",

""null"",
","""null"", ","""The Grid suffered too much damage in the fighting, commander. Detritus will have to reassess our chances of survival in the region."",

""null"",

""null"","
,,,,,,
,Mission_KillAll_Briefing,Bonus objective for killing all Vek before the turn limit runs out,"""null"",","""Don't let a single Vek survive - if they do, they'll only create another hive and hit us again. Kill them all."",

""null"",

""null"",
","""null"",

""null"",

""null"",

""null""","""The Vek presence must be reduced to 0% or they will regroup and attack again."",

""null"","
,Mission_KillAll_Success,All Vek Dead,"""null"",

""null"",","""One less Vek swarm to worry about. I've read the battle reports - I'm impressed. You and the #squad were very thorough in the extermination."",

""null"",

""null"",
","""null"",","""Reports put the Vek presence in your sector at 0%, and mission success 100%. You and the #squad have our thanks."",

""null"",

""null"","
,Mission_KillAll_Failure,Some Vek survive,"""null"", 

""null"",","""You let some Vek escape? Unacceptable - you haven't won, you've merely delayed the fight."",

""null"",

""null"",

""null"",

""null"",
","""null"",","""Sensors report Vek escaped, and they are breeding even now. I know you did your best, commander, but this was not a victory."",

""null"","
,,,,,,
,Mission_Block_Briefing,"null ""Blocking"" Vek from emerging in the first place. As it's not blocking *all* Vek, and even Vek you do block might emerge, it's hard to give a proper excuse for why this is a good thing!","""null"",","""This region is some of the last arable land on R.S.T. Do not let the Vek destroy it."",","""There are micro-bots covering the surface of this region. If the Vek break the surface, it could cost millions of lives."",

""null"",","
""null"",

""null"","
,Mission_Block_Success,3 Vek Blocked,"""null"",","""The way you prevented the Vek from surfacing was impressive. And I am not easily impressed. You and the #squad have my respect."",","""null"", ","""The #squad were successful, commander! You kept the Vek pinned and under control - the sector is ours!"",

""null"" "
,Mission_Block_Failure,"Did not block 3 Vek
","""null"" ","""Vek reaching the surface means crops were destroyed. My people will die - not from the Vek, but from starvation.""","""Every millisecond another life is being snuffed out by the chaos from your battle on the surface. Redirecting my output so you have to watch it too..."",","""null"","
,,,,,,
Universal Missions,,Every corporation island could use these missions,,,not used on Pinnacle,
,Mission_Train_Briefing,This mission involves defending a train traveling across the map.,"""null"", 
""null"", 
""null"",","""This maglev track is one of our last remaining supply lines. My people rely on it for supplies - without it..."",

""null"",

""null"",

""null"",

""null"",",,"""Detritus waste disposal relies on trains to ferry hazardous byproducts to our disposal sites... but not if the Vek intercept the trains."",

""null"",

""null"","
,Mission_Train_Success,If the train remains undamaged and makes it to its destination... ,"""null"", 
""null"",
","""null"",

""null"",
",,"""null"",

""null"","
,Mission_Train_Failure,The train was completely destroyed... ,"""null"", 

""null"",

","""null"",

""null"",
",,"""null"",

""null"","
,Mission_Train_Partial,"null ","""It'll take weeks to fix that train, but at least it's not a total loss. For now, we'll have to find an alternate way to ship supplies."", 

""null"", 

""null"",","""Why was the train's path interrupted? It could have been destroyed... my engineers say it's recoverable, but we can't afford to have it idle for repairs."",

""null"",
",,"""null"",

""null"","
,,,,,,
,Mission_Volatile_Briefing,"null","""These 'volatile' Vek don't have the courtesy to simply die - they explode and damage entire regions. Drive it away, but whatever you do, don't kill it!"", 

""null"",

","""null"",
""null"",
""null"",
""null"",","""My Vek Analysis Process has triggered an alert. One of the Vek in this region will detonate on death. You must drive it away without killing it."",","""null"",

""null"",

""null"","
,Mission_Volatile_Success,Volatile Monster survives... ,"""null"", 

""null"",
","""null"",

""null"",
","""null"",","""We're tracking the Volatile now - it should pose no further threat to us. We commend your efforts, commander, efficiently done."",

""null"","
,Mission_Volatile_Failure,Volatile Monsters dies... ,"""null"", 

""null"",
","""null"",

""null"",

""null"",
","""null"",","""Our sensors detected the explosion. There's nothing more to be done now, we've evacuated what survivors we could."",

""null"","
,,,,,,
,Mission_BlobBoss_Briefing,,"""null""","""Sensors have picked up an unknown Vek... some sort of massive gelatinous creature. Whatever it is, don't let it reach the tower!""",,
,Mission_BlobBoss_Failure,,"""null""
","""null""",,
,Mission_BlobBoss_Success,,"""null""","""I don't know how you managed it, but the creature was destroyed - it no longer poses a threat. I thank you - and the #squad.""",,
,,,,,,
,Mission_SpiderBoss_Briefing,,"""null""","""A Vek abomination has been sighted - it's spawning a horde of Vek spiders and attacking R.S.T. tower. We need your Mechs now.""",,
,Mission_SpiderBoss_Failure,,"""null"" 
","""null""",,
,Mission_SpiderBoss_Success,,"""null""","""I must admit that was an impressive performance. We will rest easier knowing that Vek abomination and its spawn are gone.""",,
,,,,,,
,Mission_BotBoss_Briefing,,,,"""null""",
,Mission_BotBoss_Boss,,,,"""null""",
,Mission_BotBoss_Tower,,,,"""null"",",
,Mission_BotBoss_Success,,,,"""null""",
,,,,,,
,Mission_BossGeneric_Briefing,,"""null""","""A Vek monstrosity is assaulting our tower. We have to rely on you this final time to help us.""","""null"",","""Our sensors have picked up a Vek we've never encountered before... I fear it won't go down easy."",

""null"","
,Mission_BossGeneric_Boss,,"""null""","""If you really are the last hope for humanity, we don't stand a chance. That Vek monstrosity will attack again, and I expect you won't be around to 'help' next time.""","""null"",","""That monstrous Vek survived - and it'll likely strike again. If the #squad can't stop it, I fear our forces will have no chance at all."","
,Mission_BossGeneric_Tower,,"""null""","""You let our corporate command center be destroyed by those creatures. We were counting on you... I was counting on you.""","""null"",","""Our corporate hub has been lost. We're evacuating what survivors we can, but over 30% of Detritus' own were manning the HQ when it fell."","
,Mission_BossGeneric_Success,,"""null""","""I must admit that was an impressive performance. We will rest easier knowing that Vek monstrosity no longer infests our island.""","""null"",","""The Vek abomination is down, and our corporate hub is intact. You and the #squad have Detritus' gratitude."","
,,,,,,
Archive Inc Missions,Mission_Airstrike_Briefing,,"""null"", 

""null"",
",,,
,Mission_Airstrike_Success,,"""null"", 

""null"",
",,,
,,,,,,
,Mission_Tanks_Briefing,,"""null"",
",,,
,Mission_Tanks_Success,,"""null"",
",,,
,Mission_Tanks_Failure,,"""null"",
",,,
,Mission_Tanks_Partial,,"""null"", 

""null"",
",,,
,,,,,,
,Mission_Satellite_Briefing,,"""null"",

""null"",

""null"",

""null"",
",,,
,Mission_Satellite_Success,,"""null"", 

""null"", 

""null"",
",,,
,Mission_Satellite_Failure,,"""null"", 

""null"",
",,,
,Mission_Satellite_Partial,,"""null"", 

""null"",

",,,
,,,,,,
,Mission_Artillery_Briefing,,"""null"",",,,
,Mission_Artillery_Success,,"""null""",,,
,Mission_Artillery_Failure,,"""null"",",,,
,,,,,,
,Mission_Mines_Briefing,,"""null"",

""null"",

""null"",",,,
,Mission_Mines_Success,,"""null"",

""null"",",,,
,,,,,,
,Mission_Dam_Briefing,,"""null"",

""null""",,,
,Mission_Dam_Success,,"""null"",

""null"",

""null""",,,
,Mission_Dam_Failure,,"""null"",

""null""",,,
,,,,,,
,Mission_Tides_Briefing,,"""null""",,,
,Mission_Tides_Success,,"""null""",,,
,,,,,,
RST Missions,Mission_Force_Briefing,"null ""a display of force"" null ""Kill 6 Vek"" and ""Destroy 2 Mountains""",,"""null"",

""null"",",,
,Mission_Force_Success,Both objectives complete,,"""null"",",,
,Mission_Force_Failure,Both objectives failed,,"""null"",",,
,Mission_Force_MountainsAlive,"null ""Failed"" messages and not bother with these.",,"""The Vek casualty report was sufficient, but with the stable land mass remaining, they can still use them as hives to replenish their numbers."",",,
,Mission_Force_VekAlive,"null ""Failed"" messages and not bother with these.",,"""Vek still remain in the region. But at least with the stable land masses destroyed, they have no hives to skulk back to if we hit them again."",",,
,,,,,,
,Mission_Holes_Briefing,"null",,"""We're detecting strange Vek activity - flying Vek are emerging from underground hives beneath the island through erosion points."",

""null"",

""null"",

""null"",",,
,Mission_Holes_Success,"""null"" success for this mission, as it can involve a number of different bonus objectives (low grid power, low mech power, etc.)",,"""null"",

""null"",
",,
,,,,,,
,Mission_Lightning_Briefing,"null ""generic"" null",,"""One of our meteorological stations has reported Vek converging on their location. Intercept them - but beware the weather, it rains lightning."",

""null"",",,
,Mission_Lighting_Success,"""null"" success as it can also involve a lot of bonus objectives.",,"""null""",,
,,,,,,
,Mission_Terraform_Briefing,"null ""scorched earth"" policy). Though Justin is concerned that it's confusing why the player would want to destroy pretty land, as the mission does not make it clear why destroyed grassland makes a strategic difference.",,"""null"",

""null"",

""null"",

""null"",
",,
,Mission_Terraform_Success,Terraformer is defended and all grassland is terraformed,,"""null"",

""null"",",,
,Mission_Terraform_Failure,Terraformer is destroyed (and grassland thus failed to be transformed),,"""null"",",,
,Mission_Terraform_Incomplete,"null",,"""You've secured the terraformer, but it's too late to stop the hives - and that means the surrounding regions are now in danger as well."",",,
,,,,,,
,Mission_Cataclysm_Briefing,"null",,"""The cataclysmic failure of a terraformer in the region is destroying the land. Try not to fall into the depths.""",,
,Mission_Cataclysm_Success,Generic success since there are no mission specific objectives,,"""null""",,
,,,,,,
,Mission_Crack_Briefing,Crack is spreading across the map from one edge to the other.,,"""null""",,
,Mission_Crack_Success,Generic success since there are no mission specific objectives,,"""null""",,
,,,,,,
,Mission_Filler_Briefing,"null ""null"" is filling in a chasm in the earth. Player must defend it.",,"""null""",,
,Mission_Filler_Success,"""null"" survives and the ground is filled in",,"""null""",,
,Mission_Filler_Failure,"""null"" dies -- ground still might be filled in, so don't address that.",,"""null""",,
,,,,,,
,Mission_Solar_Briefing,,,"""null""",,
,Mission_Solar_Success,,,"""null""",,
,Mission_Solar_Partial,,,"""null""",,
,Mission_Solar_Failure,,,"""null""",,
,,,,,,
*,Mission_Bomb_Briefing,Two prototype Renfield Bombs are on the map to be defended.,,"""null""",,
*,Mission_Bomb_Success,Both bombs defended,,"""null""",,
*,Mission_Bomb_Partial,One bomb lost,,"""null""",,
*,Mission_Bomb_Failure,Both bombs lost,,"""null""",,
,,,,,,
Pinnacle Inc Missions,Mission_FreezeBots_Briefing,"null",,,"""These machines are not currently themselves. Look past their malfunctioning aggression, and see them as living beings.""",
,Mission_FreezeBots_Success,,,,"""null"",",
,Mission_FreezeBots_Freed,1 bot is still alive but not frozen,,,"""null"",",
,Mission_FreezeBots_Dead,1 bot was killed for any reason,,,"""null"",",
,Mission_FreezeBots_Failure,Both bots are dead,,,"""null"",",
,,,,,,
,Mission_BotDefense_Briefing,"null",,,"""Our sentient mine layers have lost I/O and are attempting to run old routines. Protect these blind helpless creatures."",",
,Mission_BotDefense_Success,,,,"""null"",",
,Mission_BotDefense_Partial,1 bot died,,,"""null"",",
,Mission_BotDefense_Failure,Both bots dead,,,"""null"",",
,,,,,,
,Mission_Factory_Briefing,"Two Robotic Factories are spawning hostile robots throughout the mission, but the player must defend the factories -- Robots are fair game, though for lore reasons probably still discouraged

The factories are 'too valuable' to lose and perhaps contain 'innocent sentient lives'?",,,"""null"",",
,Mission_Factory_Success,,,,"""null""",
,Mission_Factory_Partial,1 factory was destroyed,,,"""null"",",
,Mission_Factory_Failure,Both factories destroyed,,,"""null"",",
,,,,,,
,Mission_Reactivation_Briefing,"""null"" is a misnomer at this point. Field of battle is full of enemy units incased in ice, every turn more units come out of the ice. No special objective, just a straight battle.",,,"""null"",",
,Mission_Reactivation_Success,(Generic success),,,"""null"",",
,,,,,,
,Mission_SnowBattle_Briefing,"Generic battle, but the map has 2 hostile robots on it to start. No special objectives.

Comments like ""null"" would be appropriate.",,,"""I cannot advocate killing the hostile machines in this region, but I acknowledge their threat is too great to ignore."",",
,Mission_SnowBattle_Success,(Generic success),,,"""null"",",
,,,,,,
,Mission_Stasis_Briefing,"null",,,"""Threat Diagnostic: <Machines: Frozen. Threat: Very high.> I recommend you avoid them.""",
,Mission_Stasis_Success,(Generic success),,,"""null"",",
,,,,,,
,Mission_FreezeMines_Briefing,"null",,,"""I calculate there are still three hundred and seventy-three cryo-mines in this area intended for pacification of hostile machines. Keep your sensors on high."",",
,Mission_FreezeMines_Success,(Generic success),,,"""null"",",
,,,,,,
,Mission_FreezeBldg_Briefing,Every building is frozen in ice at mission start. Player is tasked to free at least 5 buildings from the ice.,,,"""null"",",
,Mission_FreezeBldg_Success,,,,"""null"",",
,Mission_FreezeBldg_Failure,"Too many buildings still in ice
",,,"""null"",",
,,,,,,
,Mission_SnowStorm_Briefing,Generic mission. Snow Storm will periodically freeze large sections of the map in ice during the mission.,,,"""null"",",
,Mission_SnowStorm_Success,(generic success),,,"""null"",",
,,,,,,
Detritus Missions,Mission_Barrels_Briefing,Large Vats of A.C.I.D. need to be destroyed. (Unstable? Create traps for Vek? Any reason really),,,,"""null"",

""null"","
,Mission_Barrels_Failure,Not enough vats destroyed,,,,"""null"",

""null"","
,Mission_Barrels_Success,All vats destroyed,,,,"""null"","
,,,,,,
,Mission_Disposal_Briefing,Play uses Disposal Unit (needs a name) -- It launches a A.C.I.D. projectile that immediately desolves a large area. The player must use it to melt all mountains on the map. (For the resources? Because Vek are in them?),,,,"""null"",

""null"","
,Mission_Disposal_Failure,Disposal unit destroyed + Mountains remain,,,,"""null"",

""null"","
,Mission_Disposal_Mountains,Mountains remain,,,,"""null"", 

""null"","
,Mission_Disposal_Disposal,Disposal Unit dead,,,,"""null"""
,Mission_Disposal_Success,"null",,,,"""Your mission was a success, commander - the A.C.I.D. Launcher is intact and the Vek disintegrated."","
,,,,,,
,Mission_AcidTank_Briefing,Player controls an A.C.I.D. tank (needs name?) for the mission. It applies A.C.I.D. to units. Mission is to destroy Vek that have the A.C.I.D. applied (so the A.C.I.D. has a chance to recycle the corpses?),,,,"""null"",

""null"","
,Mission_AcidTank_Failure,Not enough units with acid killed,,,,"""null"""
,Mission_AcidTank_Success,4 Vek with Acid killed,,,,"""null"","
,,,,,,
,Mission_Acid_Briefing,"null",,,,"""These A.C.I.D. pools are being hit by the Vek, but the Vek seem to be... adapting to the chemicals. We need to stop the Vek before they develop an immunity."",

""null"","
,Mission_Acid_Success,(Generic success),,,,"""null"","
,,,,,,
,Mission_Power_Briefing,Power plants need to be defended (two on the map),,,,"""null"",

""null"","
,Mission_Power_Success,Power plants both alive,,,,"""null"","
,Mission_Power_Partial,One Power Plant destroyed,,,,"""null"","
,Mission_Power_Failure,Both Power Plants destroyed,,,,"""null"","
,,,,,,
,Mission_Belt_Briefing,"null",,,,"""Normally we use Conveyer Yards to ferry waste vats - but you and the #squad may be able to use the conveyers against the Vek."","
,Mission_Belt_Success,(Generic success),,,,"null"","
,,,,,,
,Mission_Teleporter_Briefing,"null",,,,"""This is one of our teleporter sites - it transports waste by disassembling and reassembling matter. You may be able to use the teleporters against the Vek."", 

""null"",

""null"","
,Mission_Teleporter_Success,(Generic success),,,,"""null"",

""null"","